Angle 1,Angle 2,Velocity 1,Velocity 2
1.0471975511965976,0.5235987755982988,0.0,0.0
1.0471975511965976,0.5235987755982988,-0.10194851053350411,0.03924000000000001
1.0461780660912625,0.5239911755982988,-0.20393918431338826,0.07856848193647113
1.0441386742481287,0.5247768604176635,-0.30602508426992214,0.11817355712012204
1.0410784234054296,0.5259585959888647,-0.40825821863791634,0.15824059579288405
1.0369958412190503,0.5275410019467935,-0.5106884147742804,0.19894956248205733
1.0318889570713075,0.5295304975716141,-0.6133620276869398,0.24047210606869046
1.025755336794438,0.531935218632301,-0.7163203947437307,0.2829682735336607
1.0185921328470007,0.5347649013676375,-0.819597939493094,0.3265827048872319
1.0103961534520698,0.5380307284165099,-0.92321981693403,0.37144015274278075
1.0011639552827294,0.5417451299439378,-1.0271989809818551,0.4176401549591726
0.9908919654729108,0.5459215314935295,-1.131532544105068,0.46525067545287263
0.9795766400318602,0.5505740382480583,-1.2361972921190763,0.5143005210428037
0.9672146671106694,0.5557170434584863,-1.3411442185357854,0.5647703478138855
0.9538032249253116,0.5613647469366251,-1.4462919595810098,0.6165820990264329
0.9393403053295014,0.5675305679268894,-1.551519052812295,0.6695867822952253
0.9238251148013784,0.5742264357498417,-1.6566550223621046,0.7235506156462788
0.9072585645777573,0.5814619419063044,-1.7614704285538914,0.778139773691188
0.8896438602922184,0.5892433396432163,-1.8656662270562487,0.8329042724430171
0.8709871980216559,0.5975723823676464,-1.968863078729865,0.8872619668371675
0.8512985672343573,0.6064450020360181,-2.070591641930275,0.9404842070912001
0.8305926508150545,0.6158498441069301,-2.1702853479585467,0.9916853845779197
0.8088897973354691,0.6257666979527093,-2.267277651803042,1.0398193138440355
0.7862170208174386,0.6361648910911497,-2.3608061507768063,1.083685980579974
0.7626089593096705,0.6470017508969494,-2.450026092038161,1.121952374166011
0.7381086983892889,0.6582212746386096,-2.534035412495062,1.1531905801287214
0.7127683442643383,0.6697531804398968,-2.611912344019892,1.1759347032399476
0.6866492208241394,0.6815125274722963,-2.6827646663519955,1.188755368329856
0.6598215741606194,0.6934000811555948,-2.745787059797795,1.190346727679046
0.6323637035626414,0.7053035484323853,-2.800320235770985,1.1796168550433856
0.6043605012049316,0.7170997169828192,-2.8459034779693035,1.1557693778896803
0.5759014664252385,0.728657410761716,-2.8823118529988214,1.1183635511645234
0.5470783478952503,0.7398410462733612,-2.9095712124365507,1.0673425397701795
0.5179826357708849,0.750514471671063,-2.927947995176408,1.0030251766721545
0.4887031558191208,0.7605447234377846,-2.93791568919178,0.9260634083717452
0.45932399892720305,0.769805357521502,-2.9401041177388594,0.8373738820870581
0.4299229577498145,0.7781790963423726,-2.935240197694268,0.7380558258345744
0.4005705557728718,0.7855596546007183,-2.9240889753345805,0.6293077710187157
0.371329666019526,0.7918527323109055,-2.9074019575002557,0.5123532689560629
0.34225564644452344,0.7969762650004661,-2.885876953782885,0.3883818555645562
0.3133968769066946,0.8008600835561117,-2.8601308122653153,0.25850751617942325
0.28479556878404144,0.8034451587179059,-2.8306842403255885,0.12374376300830275
0.25648872638078557,0.8046825963479889,-2.797956605015695,-0.015007461087462842
0.22850916033062862,0.8045325217371143,-2.762268127103975,-0.15695658720208716
0.20088647905958887,0.8029629558650935,-2.7238469783477397,-0.30142039324771425
0.17364800927611146,0.7999487519326164,-2.6828392001328267,-0.4478120719262394
0.14681961727478318,0.795470631213354,-2.639319876234039,-0.5956296209468281
0.12042641851244279,0.7895143350038858,-2.593304483656494,-0.7444441010562014
0.09449337367587785,0.7820698939933238,-2.544759750945138,-0.8938887354076193
0.06904577616642646,0.7731310066392476,-2.4936136561021125,-1.043649388582939
0.04410963960540533,0.7626945127534183,-2.4397644044851736,-1.1934566567055076
0.019711995560553593,0.7507599461863632,-2.3830883593676426,-1.3430795977126733
-0.0041188880331228354,0.7373291502092365,-2.323446974625097,-1.4923210060463288
-0.027353357779373807,0.7224059401487732,-2.2606928183359454,-1.641014064676443
-0.04996028596273326,0.7059957995020089,-2.1946747922609213,-1.789020170353494
-0.07190703388534248,0.6881055977984739,-2.1252426558227935,-1.9362277111301647
-0.0931594604435704,0.6687433206871722,-2.052250961918253,-2.082551568463659
-0.11368197006275294,0.6479178050025356,-1.975562510990945,-2.227933112590647
-0.13343759517266238,0.6256384738766291,-1.8950514331117483,-2.372340454310448
-0.15238810950377984,0.6019150693335246,-1.810606018305262,-2.515768704853053
-0.17049416968683245,0.5767573822849941,-1.7221314355956592,-2.658239974548447
-0.18771548404278904,0.5501749825395096,-1.6295525137688935,-2.7998028067631338
-0.204011009180478,0.5221769544718783,-1.5328168044589017,-2.9405306916357397
-0.21933917722506702,0.4927716475555209,-1.4318982140516527,-3.0805192292822374
-0.23365815936558354,0.4619664552626985,-1.3268015785930432,-3.21988140826824
-0.24692617515151397,0.42976764118001615,-1.217568668859025,-3.3587403258095696
-0.2591018618401042,0.3961802379219205,-1.104286253372319,-3.4972184958867296
-0.27014472437382736,0.3612080529630532,-0.9870970144806754,-3.635422668677425
-0.2800156945186341,0.32485382627627896,-0.8662142981036316,-3.773422827503879
-0.2886778374996704,0.28711959800124015,-0.7419418576106404,-3.9112237659988094
-0.2960972560757768,0.24800736034125206,-0.6146998746062349,-4.048727444285496
-0.30224425482183914,0.2075200858983971,-0.48505850420970753,-4.185684309959644
-0.3070948398639362,0.16566324279880065,-0.3537798241748659,-4.321632183145141
-0.31063263810568487,0.12244692096734924,-0.22186808424285065,-4.4558225288603905
-0.31285131894811335,0.07788869567874535,-0.09062615098161778,-4.587136532482225
-0.3137575804579295,0.032017330353923096,0.03828745796151706,-4.713998034580412
-0.31337470587831434,-0.01512264999188103,0.16281193094012725,-4.8342976216786795
-0.3117465865689131,-0.06346562620866783,0.2804659523885103,-4.94535182173668
-0.308941927045028,-0.11291914442603462,0.3883831779245708,-5.04393140560153
-0.30505809526578226,-0.16335845848204994,0.4834301997789654,-5.126398131014496
-0.3002237932679926,-0.21462243979219492,0.5624294472365142,-5.1889813678604435
-0.29459949879562747,-0.2665122534707994,0.6224866998100256,-5.228195971437704
-0.2883746317975272,-0.3187942131851764,0.6613828857175192,-5.241349193515863
-0.281760802940352,-0.3712077051203351,0.6779448049813516,-5.227023733208782
-0.2749813548905385,-0.4234779424524229,0.6722853995378452,-5.185391487959266
-0.26825850089516,-0.47533185733201555,0.6458266867532623,-5.118242679341703
-0.26180023402762737,-0.5265142841254326,0.6010881845629332,-5.028708556370206
-0.25578935218199805,-0.5768013696891346,0.5413065294306465,-4.920766470735317
-0.2503762868876916,-0.6260090343964878,0.4700014977967892,-4.798681005457113
-0.2456762719097237,-0.673995844451059,0.3905975102459411,-4.666524718045612
-0.24177029680726428,-0.7206610916315151,0.30616342653818407,-4.527858824551123
-0.23870866254188244,-0.7659396798770264,0.21928055616319975,-4.385583394841828
-0.23651585698025043,-0.8097955138254447,0.13201370899370024,-4.241920794406318
-0.23519571989031343,-0.8522147217695079,0.045948034957634803,-4.098481464004187
-0.23473623954073708,-0.8931995364095497,-0.03774186583784163,-3.9563673699801103
-0.2351136581991155,-0.9327632101093508,-0.1182140338347964,-3.8162826178121034
-0.23629579853746346,-0.9709260362874719,-0.19488589082265229,-3.6786343662789616
-0.23824465744568998,-1.0077123799502614,-0.2673716772745922,-3.5436170148017894
-0.2409183742184359,-1.0431485500982793,-0.33543210323889655,-3.411278490720761
-0.24427269525082487,-1.077261335005487,-0.3989353944354501,-3.2815703561214478
-0.24826204919517939,-1.1100770385667014,-0.4578279675865281,-3.1543845192073303
-0.2528403288710447,-1.1416208837587747,-0.5121127817378068,-3.02957943059119
-0.25796145668842274,-1.1719166780646866,-0.5618335818982267,-2.9069983089813096
-0.263579792507405,-1.2009866611544997,-0.6070635496597953,-2.7864814701271072
-0.26965042800400296,-1.2288514758557707,-0.6478971880481325,-2.667874370828681
-0.27612939988448426,-1.2555302195640574,-0.6844445454774261,-2.551032583507104
-0.2829738453392585,-1.2810405453991285,-0.716827111105939,-2.4358245999982406
-0.2901421164503179,-1.305398791399111,-0.7451748917342227,-2.322133120273309
-0.29759386536766014,-1.3286201226018441,-0.7696243154922734,-2.2098553003175523
-0.30529010852258287,-1.3507186756050196,-0.7903167082576149,-2.098902300143732
-0.313193275605159,-1.371707698606457,-0.8073971628148429,-1.9891983761351457
-0.32126724723330746,-1.3915996823678083,-0.8210136747225109,-1.8806796920880668
-0.32947738398053256,-1.410406479288689,-0.8313164578450889,-1.7732929731196292
-0.33779054855898344,-1.4281394090198853,-0.8384573804738691,-1.6669940905393492
-0.3461751223637221,-1.4448093499252788,-0.8425894828521587,-1.5617466398322724
-0.3546010171922437,-1.4604268163236014,-0.843866550921913,-1.457520555165921
-0.3630396827014628,-1.4750020218752606,-0.8424427308280662,-1.3542907902350643
-0.37146411000974344,-1.4885449297776112,-0.8384721753313497,-1.252036085322979
-0.37984883176305695,-1.501065290630841,-0.8321087176534423,-1.1507378331435745
-0.38816991893959135,-1.5125726689622767,-0.8235055710427553,-1.0503790506024002
-0.3964049746500189,-1.5230764594683006,-0.8128150539697219,-0.950943459561403
-0.4045331251897161,-1.5325858940639145,-0.8001883416788734,-0.8524146766510496
-0.4125350086065049,-1.541110040830425,-0.7857752450926127,-0.7547755098900215
-0.420392761057431,-1.5486577959293253,-0.7697240179630384,-0.6580073581674722
-0.42809000123706137,-1.555237869511,-0.7521811928383852,-0.5620897083876651
-0.4356118131654452,-1.5608587665948768,-0.7332914459473117,-0.466999724178928
-0.4429447276249183,-1.565528763836666,-0.7131974905769927,-0.37271191945989257
-0.45007670253068827,-1.5692558830312648,-0.6920399979780074,-0.2791979097843686
-0.4569971025104683,-1.5720478621291085,-0.6699575443022647,-0.18642623421215376
-0.46369667795349095,-1.57391212447123,-0.647086581589104,-0.09436224044530313
-0.47016754376938197,-1.574855746875683,-0.6235614303690158,-0.0029680261029781524
-0.47640315807307215,-1.5748854271367128,-0.5995142910564434,0.08779757073675042
-0.48239830098363656,-1.5740074514293452,-0.5750752709493469,0.17797893823804067
-0.48814905369313005,-1.5722276620469648,-0.5503724233354728,0.26762362080392776
-0.49365277792648476,-1.5695514258389256,-0.5255317949116439,0.3567822178746426
-0.4989080958756012,-1.565983603660179,-0.5006774774376377,0.44550825640014136
-0.5039148706499775,-1.5615285210961776,-0.4759316592521131,0.5338580411353094
-0.5086741872424987,-1.5561899406848245,-0.4514146719532419,0.6218904860827665
-0.5131883339620311,-1.5499710358239969,-0.4272450271665246,0.7096669294696265
-0.5174607842336963,-1.5428743665293005,-0.40353943785813934,0.7972509335677472
-0.5214961786122777,-1.534901857193623,-0.3804128180707812,0.8847080694198629
-0.5253003067929856,-1.5260547764994243,-0.35797825422122087,0.9721056850739583
-0.5288800893351978,-1.5163337196486848,-0.3363469401585057,1.0595126542004467
-0.5322435587367829,-1.5057385931066802,-0.31562806698386103,1.1469990999016686
-0.5353998394066215,-1.4942686021076637,-0.29592865711231797,1.2346360860342964
-0.5383591259777447,-1.4819222412473207,-0.27735333013367064,1.3224952653457183
-0.5411326592790814,-1.4686972885938636,-0.26000398561369303,1.410648470045598
-0.5437326991352183,-1.4545908038934077,-0.2439793849564088,1.4991672259378852
-0.5461724929847823,-1.4395991316340289,-0.22937461069813855,1.588122165742944
-0.5484662390917637,-1.4237179099765995,-0.21628037698105296,1.6775823105324554
-0.5506290428615742,-1.406942086871275,-0.2047821593023474,1.7676141800449656
-0.5526768644545977,-1.3892659450708253,-0.1949591047956006,1.8582806827964293
-0.5546264555025537,-1.370683138242861,-0.18688267612822196,1.949639725103227
-0.5564952822638359,-1.3511867409918288,-0.18061497249378297,2.041742464195662
-0.5583014319887738,-1.3307693163498722,-0.1762066601401823,2.1346311144310937
-0.5600634985901756,-1.3094230052055613,-0.17369443258852232,2.2283361973536935
-0.5618004429160608,-1.2871396432320243,-0.17309790766606448,2.322873106525517
-0.5635314219927214,-1.263910912166769,-0.1744158557216636,2.4182378378672778
-0.5652755805499381,-1.2397285337880963,-0.17762164274708922,2.514401717946872
-0.567051796977409,-1.2145845166086275,-0.18265776664542008,2.6113049500947643
-0.5688783746438633,-1.18847146710768,-0.18942936938004434,2.7088487976067057
-0.5707726683376637,-1.1613829791316128,-0.1977966294352984,2.8068862440729565
-0.5727506346320167,-1.1333141166908833,-0.2075659882762056,2.90521102676209
-0.5748262945147787,-1.1042620064232624,-0.21848025533466847,3.0035450487728954
-0.5770110970681254,-1.0742265559355335,-0.23020778613820447,3.101524363288414
-0.5793131749295074,-1.0432113123026494,-0.24233115747637832,3.1986842161324995
-0.5817364865042712,-1.0112244701413244,-0.2543360902957492,3.2944440567666127
-0.5842798474072287,-0.9782800295736583,-0.26560180403404254,3.3880939965008574
-0.5869358654475691,-0.9443990896086498,-0.27539451076287624,3.4787848891217155
-0.5896898105551979,-0.9096112407174327,-0.28286631621966385,3.565524959264946
-0.5925184737173945,-0.8739559911247833,-0.2870622643547225,3.6471865455305
-0.5953890963609417,-0.8374841256694783,-0.2869384377782132,3.7225267864161933
-0.5982584807387239,-0.8002588578053164,-0.2813936324662345,3.790225588260128
-0.6010724170633862,-0.762356601922715,-0.26931587530834117,3.8489425911280293
-0.6037655758164696,-0.7238671760114348,-0.24964278299657147,3.8973918687086164
-0.6062620036464353,-0.6848932573243487,-0.22143161267677205,3.934428952223761
-0.608476319773203,-0.6455489678021111,-0.18393143725754046,3.959140274023954
-0.6103156341457785,-0.6059575650618716,-0.1366472577426024,3.970921715564391
-0.6116821067232046,-0.5662483479062277,-0.07938526206667919,3.969532247490196
-0.6124759593438713,-0.5265530254313258,-0.012270656524862755,3.955111719037536
-0.6125986659091199,-0.4870019082409504,0.06426565434953461,3.928158399487067
-0.6119560093656246,-0.44772032424607977,0.14952910962606866,3.8894700703009417
-0.6104607182693639,-0.40882562354307034,0.24262434760408347,3.8400596374771165
-0.6080344747933231,-0.37042502716829917,0.3425278775660366,3.7810601076042896
-0.6046091960176627,-0.3326144260922563,0.4481595358546238,3.7136335195133032
-0.6001276006591165,-0.29547809089712324,0.5584441758627365,3.638894849839761
-0.5945431589004891,-0.2590891423987256,0.672358757442385,3.557856789933887
-0.5878195713260653,-0.22351057449938672,0.7889636301346702,3.4713964095387415
-0.5799299350247187,-0.1887966104039993,0.9074194864078019,3.380241207580824
-0.5708557401606407,-0.15499419832819106,1.0269929248370242,3.2849702205840976
-0.5605858109122704,-0.12214449612235008,1.1470539732209277,3.186025450513726
-0.5491152711800612,-0.09028424161721282,1.267068634385678,3.0837293785490028
-0.5364445848362044,-0.059446947831722795,1.3865888895293363,2.978305257851595
-0.522578695940911,-0.029663895253206844,1.5052418873904219,2.869897875107547
-0.5075262770670068,-0.0009649165021313744,1.6227194126573128,2.7585933426275777
-0.4912990829404337,0.026621016924144404,1.7387682257873807,2.644437156243866
-0.4739114006825599,0.05306538848658307,1.853181505569125,2.527450228645519
-0.45537958562686864,0.07833989077303827,1.9657913850542574,2.407642917061668
-0.4357216717763261,0.10241631994365495,2.076462421927067,2.285027251759316
-0.4149570475570554,0.1252665924612481,2.185085758115607,2.159627677703258
-0.39310618997589936,0.14686286923828068,2.2915736778494717,2.0314906775172497
-0.3701904531974046,0.16717777601345318,2.3958542519185575,1.9006936719317016
-0.34623191067821907,0.1861847127327702,2.497865747705702,1.767353608264211
-0.32125325320116205,0.2038582488154123,2.5975504835798215,1.631635655249694
-0.29527774836536386,0.22017460536790925,2.6948478105585494,1.4937624247997812
-0.2683292702597784,0.23511222961590705,2.789685915912759,1.3540241333847682
-0.24043241110065078,0.24865247094975473,2.8819721691072906,1.2127900868621522
-0.21161268940957786,0.26078037181837627,2.9715817819216928,1.0705218045476665
-0.18189687159036094,0.2714855898638529,3.058344649975501,0.9277879640671278
-0.15131342509060594,0.2807634695045242,3.142030407872647,0.785281110795923
-0.11989312101187947,0.2886162806124834,3.222331997868939,0.6438356874492388
-0.08766980103319008,0.2950546374869758,3.298848459930019,0.504446348357394
-0.05468131643388989,0.30009910097054976,3.3710682327261554,0.3682846843913812
-0.020970634106628333,0.30378194781446355,3.438355021727816,0.23671138740578834
0.013412916110649827,0.3061490616885214,3.499939200059126,0.11127959480232147
0.04841230811124109,0.3072618576365446,3.554918620875357,-0.006276116504053755
0.08396149431999467,0.30719909647150406,3.6022733538545286,-0.11407145791592882
0.11998422785853996,0.3060583818923448,3.640898766429624,-0.2101310141270215
0.1563932155228362,0.30395707175107456,3.66966000084361,-0.2924777188109652
0.1930898155312723,0.30103229456296493,3.687467789999976,-0.3592526384397855
0.22996449343127207,0.2974397681785671,3.693370688205357,-0.40885734786789196
0.2668982003133256,0.2933511946998882,3.6866529821542446,-0.44010273567472896
0.30376473013486804,0.2889501673431409,3.666922597916829,-0.452340949949881
0.3404339561140363,0.2844267578436421,3.6341715921798614,-0.44555480690851657
0.37677567203583495,0.2799712097745569,3.5887951104848033,-0.420383932128844
0.412663623140683,0.2757673704532685,3.531562946525101,-0.3780790790796398
0.447979252605934,0.2719865796624721,3.463548593256296,-0.32039190671409656
0.48261473853849696,0.2687826605953311,3.3860300471640654,-0.2494213378531731
0.5164750390101376,0.2662884472167994,3.300381286078714,-0.1674446059195257
0.5494788518709247,0.26461400115760414,3.207972229526021,-0.0767596433151383
0.581558574166185,0.26384640472445275,3.1100895499212315,0.020442383704384476
0.6126594696653973,0.2640508285614966,3.0078836860000586,0.12216585079301467
0.6427383065253979,0.26527248706942674,2.9023413178838187,0.22666123905035157
0.671761719704236,0.26753909945993026,2.794278714291718,0.33244377598649505
0.6997045068471532,0.2708635372197952,2.6843498560691077,0.4382888497731339
0.7265480054078444,0.27524642571752655,2.573063451985515,0.5432127610736364
0.7522786399276995,0.2806785533282629,2.460804089498743,0.6464458582237309
0.776886680822687,0.28714301191050023,2.347854157496356,0.7474031390197033
0.8003652223976505,0.29461704330069727,2.2344144520109994,0.8456555719329533
0.8227093669177605,0.3030735990200268,2.120622365561991,0.9409039445478342
0.8439155905733804,0.3124826384655051,2.0065672445864995,1.0329560317602733
0.8639812630192454,0.32281219878310785,1.8923029247132237,1.1217072313843093
0.8829042922663776,0.33402927109695096,1.7778576881956938,1.2071244474718898
0.9006828691483345,0.3461005155716699,1.663241995019446,1.2892328226253977
0.917315289098529,0.35899284379792384,1.548454368658068,1.3681048586926818
0.9327998327851097,0.37267389238485066,1.4334858041049723,1.443851469582861
0.9471346908261594,0.3871124070806793,1.3183230323435298,1.5166145468975811
0.9603179211495947,0.4022785525496551,1.2029509355731676,1.5865606678680344
0.9723474305053263,0.4181441592283355,1.0873543689886962,1.6538756237559602
0.9832209741952133,0.4346829154658951,0.9715196116133562,1.7187594891094398
0.9929361703113468,0.4518705103569895,0.8554356422321477,1.7814219852189426
1.0014905267336682,0.46968473020917895,0.739095417163762,1.8420779140084949
1.008881480905306,0.4881055093492639,0.6224973139772736,1.9009424518719633
1.0151064540450787,0.5071149338679836,0.5056468983015932,1.9582260979326527
1.0201629230280946,0.52669719484731,0.38855916806925184,2.014129069977417
1.0240485147087872,0.5468384855470843,0.2712614286659021,2.0688349370290173
1.0267611289954461,0.5675268349173744,0.15379695027546936,2.1225032747926327
1.0282990984982008,0.5887518676653007,0.036229550446798056,2.175261135839001
1.0286613940026688,0.6105044790236908,-0.08135077634799906,2.2271931502111224
1.0278478862391889,0.632776410525802,-0.19882110433304595,2.278330127991674
1.0258596751958584,0.6555597118057188,-0.3160176989644296,2.3286361417619874
1.022699498206214,0.6788460732233387,-0.4327271493884872,2.3779942469161988
1.0183722267123292,0.7026260156925007,-0.5486768445414578,2.4261912771859393
1.0128854582669147,0.7268879284643601,-0.6635254123160028,2.472902554474457
1.0062502041437547,0.7516169540091047,-0.7768541176170622,2.5176778857594866
0.998481662967584,0.7767937328666995,-0.8881606654745855,2.5599308638297527
0.9896000563128382,0.802393041504997,-0.9968573232715094,2.598934165857488
0.9796314830801232,0.8283823831635719,-1.1022756474708229,2.6338240957607533
0.968608726605415,0.8547206241211794,-1.2036801941655781,2.6636177895021835
0.9565719246637592,0.8813568020162013,-1.3002931788576924,2.6872459711452694
0.9435689928751823,0.908229261727654,-1.391330911922197,2.703602600610088
0.9296556837559603,0.9352652877337548,-1.47605088583219,2.7116100594380494
0.9148951748976384,0.9623813883281354,-1.553805819190365,2.7102949313977174
0.8993571167057347,0.9894843376421125,-1.6240983369761866,2.6988657293108322
0.8831161333359728,1.016472994935221,-1.6866281655998534,2.6767813217502447
0.8662498516799743,1.0432408081527234,-1.741323644884696,2.643798586812473
0.8488366152311273,1.069678794020848,-1.7883514727323464,2.5999906357238602
0.8309531005038039,1.0956787003780868,-1.8281025639156865,2.5457323636385825
0.812672074864647,1.1211360240144725,-1.8611565810810962,2.4816565341999017
0.7940605090538361,1.1459525893564715,-1.888231599818143,2.4085890352317083
0.7751781930556546,1.1700384797087886,-1.9101273542385708,2.3274747568507603
0.7560769195132689,1.1933132272772962,-1.9276702486090413,2.2393052702482317
0.7368002170271786,1.2157062799797784,-1.9416663226345483,2.1450568103693275
0.7173835538008331,1.2371568480834716,-1.952865580647559,2.045643299677677
0.6978548979943575,1.2576132810802483,-1.961938459088972,1.9418855592398776
0.6782355134034678,1.2770321366726471,-1.9694632826132594,1.8344952243865296
0.6585408805773352,1.2953770889165124,-1.9759225093049795,1.7240704420066844
0.6387816554842853,1.3126177933365792,-1.9817052626059886,1.6111000037243062
0.6189646028582254,1.3287287933738223,-1.987113840529275,1.4959728218898511
0.5990934644529327,1.3436885215927208,-1.992372333145917,1.3789902448372369
0.5791697411214735,1.357478424041093,-1.9976359833942592,1.2603793838403206
0.5591933812875308,1.3700822178794962,-2.0030003860687753,1.1403062399253086
0.5391633774268431,1.3814852802787494,-2.008509988368552,1.0188879104635207
0.5190782775431575,1.3916741593833846,-2.0141656244742023,0.8962035125090273
0.4989366212984155,1.4006361945084749,-2.019930998100833,0.7723036984626039
0.47873731131740715,1.4083592314931008,-2.025738139891182,0.6472187858530988
0.45847992991849534,1.4148314193516318,-2.0314919300358576,0.5209656029176607
0.4381650106181368,1.4200410753808084,-2.0370738067713403,0.39355318714316273
0.4177942725504234,1.42397660725224,-2.04234479066453,0.2649874816213832
0.3973708246437781,1.4266264820684538,-2.0471479515003344,0.13527516571119097
0.37689934512877477,1.4279792337255657,-2.051310434905448,0.004426739927989198
0.3563862407797203,1.4280235011248457,-2.054645153185656,-0.12754103484161194
0.33583978924786373,1.4267480907764296,-2.056952231354564,-0.2606032637957692
0.3152702669343181,1.4241420581384718,-2.0580202861307444,-0.39472554903578166
0.2946900640730106,1.420194802648114,-2.0576276032967966,-0.5298630798903535
0.27411378804004266,1.4148961718492103,-2.0555432673935368,-0.6659601517454068
0.25355835536610727,1.4082365703317563,-2.0515282872045923,-0.8029500935705371
0.23304307249406134,1.4002070693960509,-2.045336750710721,-0.9407555929418039
0.21258970498695412,1.3907995134666329,-2.0367170339673284,-1.0792894135430593
0.19222253464728084,1.3800066193312024,-2.0254130795012464,-1.2184555040753087
0.1719684038522684,1.3678220642904493,-2.0111657511880807,-1.3581504994219629
0.1518567463403876,1.3542405592962297,-1.993714264064857,-1.4982656150232976
0.131919603699739,1.3392579031459966,-1.9727976791203443,-1.6386889339324675
0.11219162690853557,1.322871013806672,-1.9481564448194981,-1.779308083197987
0.09271006246034058,1.305077932974692,-1.9195339590605154,-1.9200132922990463
0.07351472286973543,1.2858778000517015,-1.8866781176064062,-2.0607008216191747
0.05464794169367136,1.2652707918355097,-1.849342808025161,-2.2012767436546223
0.03615451361341975,1.2432580243989635,-1.8072893021386809,-2.3416610540780756
0.018081620592032943,1.2198414138581828,-1.760287495330715,-2.4817920841350496
0.00047874563872579365,1.1950234930168322,-1.7081169383072643,-2.6216311802680625
-0.01660242374434685,1.1688071812141516,-1.6505676066738544,-2.7611676113081716
-0.033108099811085395,1.1411955051010698,-1.5874403567999917,-2.900423657740441
-0.048982503379085315,1.1121912685236655,-1.5185470239425247,-3.039459830708218
-0.06416797361851057,1.0817966702165833,-1.443710131944265,-3.1783801591817253
-0.07860507493795321,1.050012868624766,-1.3627622050630668,-3.3173374696915823
-0.09223269698858388,1.0168394939278502,-1.2755447046161357,-3.4565385603227243
-0.10498814403474524,0.982274108324623,-1.1819066606193689,-3.5962491331162703
-0.11680721064093894,0.9463116169934603,-1.0817031382329003,-3.736798287060809
-0.12762424202326794,0.9089436341228523,-0.9747937808964386,-3.8785822727612365
-0.13737217983223232,0.87015781139524,-0.8610418222329537,-4.0220670472418085
-0.14598259805456185,0.8299371409228219,-0.7403141808559438,-4.16778890928816
-0.1533857398631213,0.7882592518299403,-0.6124835816908298,-4.316352091543626
-0.15951057568002958,0.745095730914504,-0.4774341366308187,-4.468421560495467
-0.16428491704633777,0.7004115153095494,-0.3350725410423251,-4.624708322134245
-0.16763564245676102,0.654164432088207,-0.18534810239301813,-4.785943101959956
-0.1694891234806912,0.6063050010686074,-0.02828633866576785,-4.952832177010566
-0.16977198686734887,0.5567766792985017,0.13595700823440168,-5.12598619045197
-0.16841241678500485,0.505516817393982,0.3070119630341983,-5.305808879795434
-0.16534229715466287,0.4524587285960277,0.48416761496677563,-5.492328079349629
-0.1605006210049951,0.3975354478025314,0.6661875347532591,-5.684947408494937
-0.1538387456574625,0.340685973717582,0.8510529216897567,-5.882097286616894
-0.14532821644056493,0.2818650008514131,1.035628976680117,-6.080776193639169
-0.13497192667376376,0.22105723891502138,1.2152794050185207,-6.2760117853667925
-0.12281913262357855,0.15829712106135346,1.3835169361276258,-6.460356203690813
-0.1089839632623023,0.09369355902444533,1.5318814518231965,-6.623671353680693
-0.09366514874407034,0.02745684548763841,1.6503517552339368,-6.753618257881175
-0.07716163119173097,-0.04007933709117335,1.728610145618376,-6.837287373617541
-0.05987552973554722,-0.10845221082734877,1.7582040163399741,-6.864037968559791
-0.04229348957214747,-0.17709259051294668,1.7350162652090848,-6.828758200608169
-0.024943326920056623,-0.24538017251902838,1.6608478946167826,-6.7339349865253
-0.008334847973888795,-0.31271952238428136,1.5430805375316607,-6.589154966977046
0.007095957401427813,-0.3786110720540518,1.3925156727613586,-6.408194829168376
0.0210211141290414,-0.44269302034573554,1.220606741574437,-6.205359687904225
0.03322718154478577,-0.5047466172247778,1.0373656512199625,-5.992781958297402
0.04360083805698539,-0.5646744368077518,0.8504334706206989,-5.779300398346011
0.05210517276319238,-0.6224674407912119,0.6650729092177688,-5.570556790101646
0.05875590185537007,-0.6781730086922283,0.4846129168259604,-5.3696632748998105
0.06360203102362967,-0.7318696414412265,0.3109908735449486,-5.17796656429082
0.06671193975907916,-0.7836493070841346,0.1452208391598484,-4.995688958406861
0.06816414815067764,-0.8336061966682032,-0.012259282779787939,-4.822393234153844
0.06804155532287977,-0.8818301290097417,-0.16135166283078256,-4.65729230023589
0.06642803869457194,-0.9284030520121006,-0.3021468123341704,-4.499443951256623
0.06340657057123023,-0.9733974915246668,-0.4348302049702438,-4.347867863159312
0.05905826852152779,-1.0168761701562599,-0.5596271695541066,-4.201612695314385
0.05346199682598672,-1.0588922971094037,-0.6767720345112346,-4.059792295189508
0.046694276480874375,-1.0994902200612988,-0.7864922473828246,-3.921603282310748
0.038829354007046124,-1.1387062528844063,-0.8890015149150445,-3.7863316863278693
0.02993933885789568,-1.176569569747685,-0.9844982104241516,-3.6533533262067452
0.020094356753654164,-1.2131031030097525,-1.0731667100663806,-3.522130737972275
0.009362689652990357,-1.2483244103894753,-1.1551802143348233,-3.3922083002793686
-0.0021891124903578776,-1.282246493392269,-1.2307041722125036,-3.2632065048959094
-0.014496154212482914,-1.3148785584412281,-1.2998997763385853,-3.134815900092463
-0.027495151975868767,-1.3462267174421527,-1.3629272172914222,-3.0067909895726967
-0.04112442414878299,-1.3762946273378798,-1.4199485233022868,-2.8789442297916747
-0.05532390938180586,-1.4050840696357965,-1.4711298992407174,-2.751140192170082
-0.07003520837421304,-1.4325954715574973,-1.5166435345964544,-2.6232899178899927
-0.08520164372017758,-1.4588283707363972,-1.5566688861167608,-2.4953454757321882
-0.10076833258134518,-1.483781825493719,-1.5913934638995573,-2.3672947280469905
-0.11668226722034075,-1.507454772774189,-1.6210131644703265,-2.2391563105260306
-0.132892398865044,-1.5298463358794492,-1.6457322033717485,-2.1109748344260617
-0.1493497208987615,-1.5509560842237098,-1.6657627047399792,-1.9828163232408886
-0.1660073479461613,-1.5707842474561187,-1.6813240072972973,-1.8547638984126549
-0.18282058801913426,-1.5893318864402453,-1.6926417458723517,-1.726913729997219
-0.1997470054778578,-1.6066010237402175,-1.6999467654793314,-1.5993712680966954
-0.2167464731326511,-1.6225947364211846,-1.7034739215441805,-1.472247769417016
-0.2337812123480929,-1.6373172141153547,-1.703460815391124,-1.345657130701514
-0.2508158205020041,-1.6507737854223699,-1.7001465088861558,-1.219713037301827
-0.2678172855908657,-1.662970915795388,-1.6937702564349704,-1.0945264310674925
-0.2847549881552154,-1.673916180106063,-1.6845702865830294,-0.970203297353155
-0.3016006910210457,-1.6836182130795945,-1.6727826594695012,-0.8468427665211535
-0.3183285176157407,-1.692086640744806,-1.6586402205200441,-0.7245355210858339
-0.3349149198209411,-1.6993319959556643,-1.6423716651705091,-0.6033624957911342
-0.35133863647264624,-1.7053656209135757,-1.624200724207682,-0.4833938545781069
-0.36758064371472304,-1.7101995594593569,-1.6043454745756853,-0.36468822568487014
-0.3836240984604799,-1.7138464417162056,-1.5830177762786246,-0.24729217408961174
-0.3994542762232661,-1.7163193634571017,-1.5604228323338716,-0.1312398891850729
-0.41505850454660487,-1.7176317623489523,-1.536758865592375,-0.016553064959623068
-0.4304260932025286,-1.7177972929985486,-1.5122169036157866,0.09675904996664882
-0.4455482622386865,-1.7168297024988821,-1.4869806606382368,0.20869945437917334
-0.46041806884506886,-1.7147427079550903,-1.4612265038795595,0.31928306917882415
-0.47503033388386445,-1.711549877263302,-1.4351234900386929,0.4285363034738914
-0.4893815687842514,-1.7072645142285632,-1.4088334565908744,0.5364965283513584
-0.5034699033501602,-1.7018995489450497,-1.3825111514397581,0.6432114717173423
-0.5172950148645578,-1.6954674342278762,-1.3563043834257682,0.7487385442029687
-0.5308580586988154,-1.6879800487858465,-1.3303541750455552,0.8531441022381105
-0.544161600449271,-1.6794486077634654,-1.3047948973648886,0.9565026499591245
-0.5572095494229199,-1.6698835812638742,-1.2797543653679337,1.0588959765629544
-0.5700070930765992,-1.6592946214982447,-1.2553538697257596,1.1604122199367701
-0.5825606317738569,-1.647690499298877,-1.2317081180176541,1.2611448407275403
-0.5948777129540334,-1.6350790508916015,-1.208925054616527,1.361191483275702
-0.6069669635001986,-1.6214671360588446,-1.187105523556567,1.4606526907873922
-0.6188380187357643,-1.6068606091509707,-1.1663427325312845,1.559630431493647
-0.6305014460610772,-1.5912643048360342,-1.1467214685218068,1.6582263800598613
-0.6419686607462952,-1.5746820410354356,-1.128317006257982,1.7565398838995907
-0.6532518308088751,-1.5571166421964397,-1.1111936396739608,1.8546655271259633
-0.6643637672056146,-1.53856998692518,-1.0954027537944504,1.9526901856332712
-0.6753177947435591,-1.5190430850688474,-1.0809803404149487,2.050689445576569
-0.6861275981477086,-1.4985361906130819,-1.067943846328319,2.1487232352468855
-0.6968070366109919,-1.477048958260613,-1.056288229273776,2.2468304989558483
-0.7073699189037296,-1.4545806532710546,-1.045981086999244,2.3450227245393607
-0.7178297297737221,-1.431130426025661,-1.036956723352466,2.443276129306445
-0.7281992970072467,-1.4066976647325966,-1.0291090291737408,2.5415223219052243
-0.7384903872989841,-1.3812824415135443,-1.022283095341799,2.6396373034217504
-0.7487132182524021,-1.3548860684793267,-1.0162655551798656,2.737428769535958
-0.7588758738042007,-1.3275117807839671,-1.0107737926319933,2.834621852446863
-0.7689836117305207,-1.2991655622594984,-1.0054443738697783,2.9308437274179764
-0.7790380554692184,-1.2698571249853186,-0.9998213861898438,3.0256079357041292
-0.7890362693311169,-1.2396010456282773,-0.9933458144729642,3.1182998649670406
-0.7989697274758466,-1.208418046978607,-0.9853476453213037,3.208165572448603
-0.8088232039290596,-1.176336391254121,-0.9750430113329952,3.2943069682076724
-0.8185736340423896,-1.1433933215720442,-0.9615392501596561,3.375687131819997
-0.8281890265439862,-1.1096364502538443,-0.9438510375477263,3.451149923743225
-0.8376275369194635,-1.075124951016412,-0.920930450938314,3.519457654672188
-0.8468368414288466,-1.0399303744696902,-0.8917125892417591,3.579348932478467
-0.8557539673212642,-1.0041368851449055,-0.8551759884800109,3.6296156129160186
-0.8643057272060642,-0.9678407290157454,-0.8104136419247694,3.6691931919141525
-0.8724098636253119,-0.9311487970966038,-0.7567066118220028,3.6972538894813995
-0.8799769297435319,-0.8941762582017898,-0.6935892267072075,3.7132877458496893
-0.886912822010604,-0.8570433807432929,-0.6208941336290271,3.717156224229559
-0.8931217633468942,-0.8198718185009973,-0.5387679847595224,3.7091063709661096
-0.8985094431944894,-0.7827807547913362,-0.44765406474961006,3.6897411734578354
-0.9029859838419856,-0.7458833430567579,-0.34824510964703004,3.659951153582573
-0.9064684349384559,-0.7092838315209321,-0.24141557207976072,3.6208202149045685
-0.9088825906592535,-0.6730756293718865,-0.12814568342106497,3.5735226853771387
-0.9101640474934641,-0.6373404025181151,-0.009449207936225681,3.5192275669535764
-0.9102585395728264,-0.6021481268485793,0.11368642105756559,3.4590213978460134
-0.9091216753622507,-0.5675579128701191,0.24034324752331543,3.393855083853669
-0.9067182428870176,-0.5336193620315824,0.3696988673733542,3.324514640461502
-0.903021254213284,-0.5003742156269674,0.5010377990245537,3.251612180027567
-0.8980108762230385,-0.4678580938266917,0.6337518049336989,3.1755918662743037
-0.8916733581737015,-0.43610217516394867,0.767332967412813,3.0967454963841505
-0.8840000284995734,-0.40513472020010716,0.9013627882308715,3.0152332096198937
-0.8749864006172646,-0.3749823881039082,1.0354997730438882,2.931105996060394
-0.8646314028868257,-0.34567132814330426,1.1694671497198625,2.844327822593209
-0.8529367313896271,-0.3172280499173722,1.3030416907267415,2.7547961276470567
-0.8399063144823598,-0.2896800886409016,1.4360441048899237,2.662360114727682
-0.8255458734334605,-0.2630564874936248,1.5683311207166422,2.566836722460652
-0.8098625622262942,-0.2373881202690183,1.699789168003639,2.4680244181116677
-0.7928646705462578,-0.21270787608790162,1.8303294390260205,2.3657151077558636
-0.7745613761559975,-0.18905072501034298,1.9598840427393587,2.2597045262868103
-0.754962535728604,-0.16645367974747488,2.0884029301798455,2.1498014997859363
-0.7340785064268055,-0.14495566474961552,2.2158512488336406,2.0358364864644143
-0.711919993938469,-0.12459729988497137,2.3422067660330534,1.9176698173313886
-0.6884979262781386,-0.10542060171165749,2.4674569783597438,1.7952000849388707
-0.6638233564945412,-0.08746860086226878,2.5915954903878506,1.668373174799378
-0.6379074015906626,-0.07078486911427499,2.7146171989018675,1.537192502767838
-0.6107612296016439,-0.05541294408659661,2.8365117573079583,1.4017311126020169
-0.5823961120285643,-0.04139563296057644,2.957254721980497,1.2621463956804102
-0.5528235648087594,-0.02877416900377234,3.076795705984043,1.1186983056218764
-0.5220556077489189,-0.017587185947553576,3.1950428037607166,0.9717720263401755
-0.49010517971131173,-0.007869465684151821,3.3118425364836392,0.8219060619938834
-0.45698675434647534,0.00034959493578701206,3.426954659817431,0.6698265653512061
-0.422717207748301,0.0070478605892990735,3.540021466817295,0.5164882715681477
-0.38731699308012807,0.01221274330498055,3.6505318460037524,0.3631214596051172
-0.35081167462009055,0.01584395790103172,3.7577814995836456,0.21128266610628835
-0.3132338596242541,0.017956784562094603,3.8608325871707976,0.06290415116786724
-0.2746255337525461,0.018585826073773275,3.958478767022768,-0.07966680884629473
-0.23504074608231842,0.017789157985310326,4.049225048420451,-0.21365266237016864
-0.1945484955981139,0.01565263136160864,4.131295409525057,-0.3358732167475753
-0.15323554150286334,0.012293899194132886,4.202683294898089,-0.44283791974989406
-0.11120870855388246,0.007865519996633945,4.2612584581276955,-0.5309218186974595
-0.0685961239726055,0.0025563018096593504,4.304935371154189,-0.5966318817325234
-0.02554677026106362,-0.003410017007665883,4.331892181715746,-0.636946434761619
0.017772151556093845,-0.009779481355282074,4.340807575260681,-0.6496788085991585
0.06118022730870065,-0.01627626944127366,4.331064173235943,-0.6337889625063712
0.10449086904106009,-0.02261415906633737,4.302862950572556,-0.5895608064129365
0.14751949854678564,-0.028509767130466736,4.257211345771882,-0.5185895011115471
0.19009161200450447,-0.033695662141582206,4.1957842188334755,-0.4235764180721566
0.23204945419283923,-0.03793142632230377,4.120695297928533,-0.30798614758018483
0.27325640717212457,-0.04101128779810562,4.034238739609197,-0.1756529962020807
0.31359879456821654,-0.04276781776012643,3.9386578019914382,-0.030421693256153515
0.3529853725881309,-0.043072034692687965,3.8359766129925172,0.12412285608827822
0.3913451387180561,-0.04183080613180518,3.7279051936756025,0.28481945099139505
0.4286241906548121,-0.03898261162189123,3.6158084027978155,0.44899966276424086
0.46478227468279026,-0.03449261499424883,3.5007202827039934,0.6144877917585477
0.4997894775098302,-0.02834773707666335,3.3833846066040025,0.7795591564947282
0.5336233235758703,-0.02055214551171607,3.2643063344204837,0.9428790206646656
0.5662663869200751,-0.011123355305069414,3.1438038297526147,1.1034372816461677
0.5977044252176013,-8.89824886077372e-05,3.0220561907016394,1.2604876045692874
0.6279249871246176,0.012515893557085137,2.899143257600091,1.4134950001796005
0.6569164197006185,0.026650843558881143,2.775077832288291,1.5620929030276234
0.6846671980235014,0.042271772589157375,2.6498306867364754,1.706049201404666
0.7111655048908662,0.05933226460320404,2.523349383263142,1.8452399462000317
0.7363989987234976,0.07778466406520436,2.3955720319468448,1.9796292574830936
0.760354719042966,0.0975809566400353,2.266437045006836,2.1092540063155854
0.7830190894930343,0.11867349670319116,2.1358898156611708,2.234212022778076
0.8043779876496461,0.14101561693097192,2.0038871057873573,2.3546527842428415
0.8244168587075197,0.16456214477340034,1.8703997992828083,2.470769727157916
0.8431208567003478,0.18926984204497949,1.735414576904018,2.582793481590118
0.8604750024693879,0.21509777686088066,1.598934995928916,2.6909854437149225
0.876464352428677,0.24200763129802988,1.460982412961049,2.795631176618364
0.8910741765582876,0.2699639430642135,1.3215971679596554,2.8970331661056568
0.9042901482378841,0.29893427472527007,1.1808404490598026,2.9955024588222305
0.9160985527284822,0.32888929931349237,1.0387972773032348,3.0913486792091533
0.9264865255015146,0.3598027861055839,0.895581082896653,3.184867866317192
0.9354423363304811,0.39165146476875584,0.751340381576362,3.2763275027699597
0.9429557401462447,0.42441473979645544,0.6062680863185317,3.3659480465073988
0.94901842100943,0.45807422026152944,0.46061398059004016,3.4538802565259314
0.9536245608153304,0.49261302282678876,0.3147007927628792,3.5401776848492363
0.9567715687429592,0.5280147996752811,0.16894408239402783,3.6247639790843693
0.9584610095668995,0.5642624394661248,0.023875684991992885,3.7073952338587346
0.9586997664168194,0.6013363918047121,-0.11983035579590767,3.7876187137145783
0.9575014628588604,0.6392125789418579,-0.26133173412356064,3.864731023382189
0.9548881455176248,0.6778598891756797,-0.3995959137125461,3.937741335009284
0.9508921863804993,0.7172373025257726,-0.5333887485083079,4.0053484836890405
0.9455582988954162,0.757290787362663,-0.6612825103739588,4.065944034565863
0.9389454737916766,0.7979502277083216,-0.7816935184319059,4.117655500051168
0.9311285386073576,0.8391267827088332,-0.8929584754421013,4.158442636511982
0.9221989538529366,0.8807112090739531,-0.993453336637957,4.186252765907112
0.912264420486557,0.9225737367330242,-1.0817481766584174,4.199227055800303
0.9014469387199728,0.9645660072910273,-1.1567775585123083,4.195930595330611
0.8898791631348497,1.0065253132443335,-1.217993199623085,4.175561529285122
0.8776992311386189,1.0482809285371848,-1.265461357994831,4.138088178103036
0.8650446175586706,1.0896618103182152,-1.2998766356590052,4.084275323088893
0.8520458512020805,1.1305045635491042,-1.3224856334398414,4.0155901420145215
0.8388209948676821,1.1706604649692494,-1.33493933698653,3.9340127287316364
0.8254716014978168,1.2100005922565658,-1.3391107746553312,3.8418000467826574
0.8120804937512636,1.2484185927243923,-1.336917513557211,3.7412562337287145
0.7987113186156914,1.2858311550616794,-1.33017844420873,3.6345484676498607
0.7854095341736042,1.322176639738178,-1.3205183271134737,3.523586065085522
0.7722043509024694,1.3574125003890332,-1.309319259540759,3.4099613018287043
0.7591111583070618,1.3915121134073203,-1.2977095612695146,3.2949389838651735
0.7461340626943667,1.424461503245972,-1.2865777405161014,3.1794781902105824
0.7332682852892056,1.4562562851480778,-1.2766002778080825,3.0642712254482474
0.7205022825111248,1.4868989974025604,-1.2682747746484742,2.949788691827418
0.7078195347646401,1.5163968843208346,-1.261953022034886,2.836323660739922
0.6952000045442912,1.5447601209282338,-1.2578710004941922,2.7240312033838983
0.6826212945393493,1.5720004329620727,-1.2561745318730861,2.6129617901466076
0.6700595492206184,1.5981300508635388,-1.2569403487096622,2.503088420034927
0.6574901457335217,1.623160935063888,-1.2601929061959025,2.3943280434410186
0.6448882166715627,1.6471042154982982,-1.265917505768406,2.2865581286028958
0.6322290416138786,1.6699697967843272,-1.274070359556372,2.179629271816686
0.6194883380183149,1.6917660895024942,-1.2845861896087076,2.073374681561526
0.6066424761222279,1.7124998363181094,-1.2973838790315624,1.967617248112526
0.5936686373319122,1.7321760087992346,-1.3123706041708578,1.8621747818584773
0.5805449312902037,1.7507977566178194,-1.3294447930946514,1.7568638844477076
0.5672504833592572,1.7683663954622966,-1.3484981824500757,1.651502814664023
0.5537655015347565,1.7848814236089368,-1.36941718412798,1.5459136271223666
0.5400713296934767,1.8003405598801605,-1.392083724559404,1.4399237951138277
0.5261504924478827,1.8147397978312987,-1.4163756813957042,1.333367476734027
0.5119867356339256,1.828073472598639,-1.4421670130189248,1.2260865430894168
0.49756506550373636,1.8403343380295332,-1.469327654094146,1.1179314563883533
0.4828717889627949,1.8515136525934166,-1.4977232337303394,1.0087620619491404
0.4678945566254915,1.861601273212908,-1.527214660533425,0.8984483398514944
0.45262241002015724,1.8705857566114228,-1.5576576099283521,0.7868711477404109
0.4370458339208737,1.8784544680888269,-1.5889019428174092,0.673922975092245
0.4211568144926996,1.8851936978397494,-1.6207910803203949,0.5595087202565567
0.40494890368949565,1.890788785042315,-1.6531613565327932,0.44354649418251113
0.3884172901241677,1.89522424998414,-1.6858413695664334,0.3259684484755035
0.3715588764285034,1.898483934468895,-1.718651350304987,0.2067216199858523
0.3543723629254535,1.9005511506687536,-1.751402568071032,0.08576877928537953
0.3368583372447432,1.9014088384616075,-1.7838967925587454,-0.03691073400175014
0.3190193693191557,1.9010397311215899,-1.8159258317605393,-0.16132021005744396
0.3008601110015503,1.8994265290210155,-1.8472711660500194,-0.287444826616628
0.2823873993410501,1.8965520807548493,-1.8777036989334903,-0.415250993587888
0.2636103623517152,1.8923995708189705,-1.9069836451131874,-0.5446858154008716
0.24454052590058334,1.8869527126649617,-1.9348605762904043,-0.6756767043109702
0.2251919201376793,1.880195945621852,-1.9610736444557593,-0.8081311796893679
0.2055811836931217,1.8721146338249584,-1.9853520011548427,-0.9419368894449786
0.18572766368157329,1.8626952649305086,-2.0074154292775743,-1.076961890061848
0.16565350938879753,1.85192564602989,-2.026975201207231,-1.2130552211926278
0.1453837573767252,1.8397950938179637,-2.0437351736025287,-1.3500478092368549
0.12494640564069992,1.826294615725595,-2.057393124612119,-1.4877537317787726
0.10437247439457872,1.8114170784078074,-2.0676423338937844,-1.625971871111166
0.08369605105564087,1.7951573596966957,-2.0741733994121674,-1.7644879803036309
0.0629543170615192,1.7775124798936592,-2.0766762776283056,-1.903077179392491
0.04218755428523614,1.7584817080997344,-2.074842525413732,-2.0415068923206423
0.021439129031098823,1.738066639176528,-2.0683677129028744,-2.1795402273308158
0.0007554519020700791,1.7162712369032198,-2.0569539666679972,-2.3169397947630612
-0.019814087764609894,1.6931018389555892,-2.040312592243446,-2.453471946841963
-0.040217213687044354,1.6685671194871696,-2.0181667143846234,-2.5889114143565553
-0.06039888083089059,1.642678005343604,-1.990253862832715,-2.72304630552418
-0.08030141945921773,1.6154475422883623,-1.9563284211467067,-2.855683423280053
-0.0998647036706848,1.5868907080555616,-1.9161638467985747,-2.986653849347384
-0.11902634213867054,1.557024169562088,-1.8695545626896466,-3.1158187374246444
-0.137721887765567,1.5258659821878415,-1.8163174140383538,-3.2430752544734514
-0.15588506190595056,1.493435229643107,-1.7562925806945515,-3.3683626092580807
-0.17344798771289607,1.4597516035505262,-1.6893438337691549,-3.491668111841609
-0.19034142605058763,1.4248349224321102,-1.615358027328605,-3.6130332174917807
-0.2064950063238737,1.3887045902571924,-1.534243720928132,-3.7325595240547154
-0.22183744353315502,1.3513789950166453,-1.4459288368954357,-3.850414713728295
-0.23629673190210937,1.3128748478793624,-1.3503572673044648,-3.966838458341596
-0.249800304575154,1.2732064632959463,-1.2474843591826543,-4.082148341211419
-0.26227514816698055,1.2323849798838322,-1.1372712224506967,-4.196745887122358
-0.27364786039148753,1.1904175210126087,-1.0196778236088542,-4.311122832565418
-0.2838446386275761,1.1473062926869544,-0.8946548504770955,-4.42586780697143
-0.29279118713234703,1.10304761461724,-0.7621343625634033,-4.541673625459951
-0.3004125307579811,1.0576308783626407,-0.6220192846396715,-4.659345403207792
-0.30663272360437777,1.0110374243305629,-0.47417187083089496,-4.7798096717312815
-0.31137444231268674,0.96323932761325,-0.31840138663645534,-4.9041245754037925
-0.3145584561790513,0.9141980818592121,-0.1544514687471485,-5.033490995883457
-0.3161029708665228,0.8638631719003775,0.018011999468012463,-5.169263994748831
-0.31592285087184263,0.8121705319528892,0.19941098856417688,-5.312963110016633
-0.3139287409862009,0.7590409008527229,0.39026071064125945,-5.466278494401667
-0.3100261338797883,0.7043781159087062,0.5911655416608776,-5.6310671322476
-0.3041144784631795,0.6480674445862302,0.8027971560399267,-5.809328552893735
-0.29608650690278027,0.5899741590572929,1.025840457464925,-6.00314114676425
-0.285828102328131,0.5299427475896504,1.260882715777329,-6.214526177542957
-0.2732192751703577,0.46779748581422087,1.5082049844609362,-6.445183856443519
-0.25813722532574834,0.40334564724978567,1.7674105476252358,-6.69601158539019
-0.24046311984949598,0.3363855313958838,2.036794484721767,-6.966270425626073
-0.2200951750022783,0.26672282713962303,2.3123363143917284,-7.252231663291599
-0.19697181185836102,0.19420051050670706,2.5862353087109176,-7.545180710833676
-0.17110945877125183,0.1187487033983703,2.845130919912246,-7.828953438154846
-0.14265814957212936,0.04045916901682184,3.0687624431867726,-8.07801410525171
-0.11197052514026162,-0.04032097203569525,3.2308704947519833,-8.258528304279784
-0.07966182019274179,-0.12290625507849309,3.304749481945548,-8.335736080501714
-0.04661432537328631,-0.20626361588351022,3.2736493901411934,-8.287916880659665
-0.013877831471874373,-0.2891427846901069,3.1403086421900666,-8.119143850070621
0.01752525495002629,-0.3703342231908131,2.9269102248388656,-7.859004024031165
0.046794357198414946,-0.4489242634311248,2.664543717005337,-7.548220550068696
0.07343979436846831,-0.5244064689318118,2.3812860716831965,-7.222713221651283
0.09725265508530029,-0.5966336011483246,2.096501655338416,-6.906288806132971
0.11821767163868445,-0.6656964892096544,1.8210796693718951,-6.611325703741107
0.1364284683324034,-0.7318097462470655,1.559993485353955,-6.34243369594939
0.15202840318594296,-0.7952340832065594,1.3147751659271207,-6.099855474748657
0.16517615484521417,-0.856232637954046,1.0852031943466671,-5.881727151114343
0.17602818678868085,-0.9150499094651895,0.8702848824428107,-5.6853579721253915
0.18473103561310894,-0.9719034891864434,0.6687767494869034,-5.507883656270779
0.191418803107978,-1.0269823257491513,0.4794395244719122,-5.34656886910116
0.1962131983526971,-1.080448014440163,0.3011510179250334,-5.198927547048141
0.19922470853194743,-1.1324372899106443,0.13294639091439284,-5.062754233505968
0.20055417244109136,-1.183064832245704,-0.025976982624615674,-4.936115073105634
0.2002944026148452,-1.2324259829767603,-0.1762707921760753,-4.817322876802804
0.19853169469308446,-1.2805992117447884,-0.31845348773123855,-4.704908007507778
0.19534715981577208,-1.3276482918198662,-0.45292965254157297,-4.597590387353155
0.19081786329035635,-1.3736241956933977,-0.5800088506516234,-4.494254718616991
0.18501777478384013,-1.4185667428795676,-0.6999230237499039,-4.393929461793235
0.17801854454634108,-1.4625060374975,-0.8128421311775882,-4.29576940614347
0.1698901232345652,-1.5054637315589348,-0.9188880109875482,-4.1990413790275944
0.16070124312468972,-1.5474541453492108,-1.01814655614857,-4.103112555699352
0.15051977756320403,-1.5884852709062043,-1.1106783353784528,-4.007440842544024
0.1394129942094195,-1.6285596793316446,-1.1965277875887126,-3.9115668597298403
0.12744771633353236,-1.667675347928943,-1.2757311053113043,-3.8151071173642577
0.11469040528041931,-1.7058264191025856,-1.348322906839359,-3.7177480498094573
0.10120717621202571,-1.7430038996006803,-1.4143417840438564,-3.6192406399981407
0.08706375837158714,-1.7791963060006617,-1.473834804554942,-3.5193954268727983
0.07232541032603772,-1.8143902602693898,-1.5268610431612857,-3.41807774343997
0.05705679989442486,-1.8485710377037894,-1.5734942170081088,-3.315203080052662
0.04132185772434377,-1.881723068504316,-1.6138245012671482,-3.2107325073831796
0.025183612711672288,-1.9138303935781478,-1.6479596051789673,-3.1046681262694023
0.008704016659882616,-1.9448770748408417,-1.676025191633201,-2.9970485374896465
-0.008056235256449395,-1.9748475602157383,-1.6981647258857637,-2.8879443439597976
-0.025037882515307034,-2.003727003655336,-1.714538840010966,-2.77745371140273
-0.042183270915416696,-2.0315015407693635,-1.725324298917121,-2.6656980218893027
-0.0594365139045879,-2.0581585209882567,-1.7307126511267614,-2.552817658563096
-0.07674364041585552,-2.0836866975738877,-1.7309086431474316,-2.438967960163396
-0.09405272684732983,-2.1080763771755215,-1.7261284703936026,-2.32431538148737
-0.11131401155126586,-2.131319530990395,-1.7165979306132697,-2.2090338914813463
-0.12847999085739856,-2.1534098699052087,-1.702550538012421,-2.093301634946006
-0.14550549623752276,-2.1743428862546685,-1.6842256481410436,-1.9772978775019416
-0.1623477527189332,-2.194115865029688,-1.6618666354531906,-1.861200246992364
-0.1789664190734651,-2.2127278674996114,-1.635719157570627,-1.7451822782783772
-0.1953236106491714,-2.230179690282395,-1.6060295328863587,-1.6294112626723876
-0.21138390597803497,-2.2464738029091187,-1.57304325139326,-1.5140463982175403
-0.22711433849196758,-2.261614266891294,-1.537003632602543,-1.3992372327319647
-0.242484374817993,-2.275606639218614,-1.4981506391614905,-1.2851223880080562
-0.2574658812096079,-2.2884578630986945,-1.4567198502820817,-1.1718285507561232
-0.27203307971242874,-2.3001761486062557,-1.4129415953143372,-1.0594697137477151
-0.2861624956655721,-2.310770845743733,-1.3670402446839398,-0.9481466490721338
-0.29983289811241154,-2.3202523122344543,-1.319233652896805,-0.8379465943916456
-0.3130252346413796,-2.3286317781783707,-1.2697327463249526,-0.7289431324915764
-0.32572256210462913,-2.3359212095032866,-1.2187412469615704,-0.6211962442025536
-0.3379099745742448,-2.3421331719453122,-1.1664555222068083,-0.5147525148639505
-0.3495745297963129,-2.347280697093952,-1.1130645499641847,-0.4096454748486425
-0.36070517529595475,-2.3513771518424385,-1.0587499878415547,-0.3058960552352894
-0.3712926751743703,-2.3544361123947914,-1.00368633501742,-0.20351314045688007
-0.3813295385245445,-2.3564712437993602,-0.9480411753150837,-0.10249420063864437
-0.39080995027769533,-2.3574961858057466,-0.8919754901900905,-0.002825987332757407
-0.3997297051795962,-2.3575244456790743,-0.8356440306501556,0.09551472256858717
-0.4080861454860978,-2.3565692984533886,-0.7791957375636648,0.19256034883507775
-0.41587810286173443,-2.354643694965038,-0.7227742003473663,0.28835170876028254
-0.4231058448652081,-2.351760177877435,-0.6665181446326267,0.38293720868404396
-0.42977102631153435,-2.3479308057905945,-0.6105619401712247,0.4763720368590223
-0.4358766457132466,-2.3431670854220044,-0.5550361209368484,0.5687173672796664
-0.44142700692261505,-2.3374799117492078,-0.5000679100903681,0.6600395830976937
-0.44642768602351873,-2.3308795159182307,-0.4457817431912277,0.7504095273424816
-0.450885503455431,-2.323375420644806,-0.3922997837423501,0.839901787861564
-0.4548085012928545,-2.3149764027661903,-0.33974242584308706,0.9285940227062093
-0.45820592555128536,-2.305690462539128,-0.28822877938824054,1.0165663316168914
-0.46108821334516775,-2.2955247992229593,-0.23787713388828374,1.1039006788170806
-0.46346698468405056,-2.2844857924347886,-0.18880539759677392,1.1906803720017827
-0.4653550386600183,-2.2725789887147707,-0.14113150921847453,1.2769896022074572
-0.46676635375220304,-2.259809092692696,-0.09497382004134529,1.3629130491677874
-0.4677160919526165,-2.246179962201018,-0.05045144489504123,1.4485355567886862
-0.4682206064015669,-2.2316946066331314,-0.007684580897557268,1.533941883507892
-0.4682974522105424,-2.2163551877980523,0.033205206478598835,1.6192165325304546
-0.46796540014575644,-2.2001630224727475,0.07209472989646967,1.7044436672417167
-0.4672444528467917,-2.1831185858003304,0.10885895844779203,1.78970711748433
-0.4661558632623138,-2.165221514625487,0.14337082631812148,1.8750904828359662
-0.46472215499913255,-2.1464706097971273,0.17550106965363582,1.9606773395308894
-0.46296714430259617,-2.1268638364018186,0.2051180886482324,2.0465515582234914
-0.46091596341611385,-2.106398320819584,0.23208783097865043,2.132797740388211
-0.45859508510632735,-2.0850703434157016,0.256273691740862,2.2195017817815277
-0.45603234818891875,-2.0628753255978864,0.27753642398502887,2.3067515720514544
-0.45325698394906844,-2.039807809877372,0.295734052819474,2.394637840260051
-0.4502996434208737,-2.0158614314747716,0.3107217848787081,2.4832551567727847
-0.4471924255720866,-1.9910288799070437,0.32235190376541395,2.572703102644285
-0.44396890653443244,-1.9653018488806009,0.33047364094345477,2.663087618257058
-0.44066417012499787,-1.9386709726980302,0.3349330105733316,2.7545225434853005
-0.4373148400192646,-1.9111257472631773,0.3355725960849894,2.847131361953882
-0.4339591140584147,-1.8826544336436384,0.332231276085281,2.941049161866856
-0.4306368012975619,-1.8532439420249698,0.3247438778075325,3.036424825104686
-0.42738936251948656,-1.822879693773923,0.31294074818273543,3.1334234543781707
-0.42425995503765923,-1.7915454592301412,0.2966472364153421,3.2322290444596478
-0.4212934826735058,-1.7592231687855446,0.27568308867120594,3.3330473967638845
-0.4185366517867937,-1.7258926948179059,0.2498617665995933,3.4361092650786635
-0.4160380341207978,-1.6915316021671192,0.21898971910268114,3.5416737013605144
-0.413848136929771,-1.656114865153514,0.18286566430224527,3.650031540086556
-0.41201948028674856,-1.6196145497526484,0.14127998092756458,3.7615089113705586
-0.4106066804774729,-1.581999460638943,0.0940143726971518,3.876470597266436
-0.40966653675050135,-1.5432347546662786,0.0408420666843637,3.995322927726001
-0.4092581160836577,-1.5032815253890186,-0.018471046423296243,4.118515730339601
-0.40944282654789066,-1.4620963680856225,-0.08416370142302482,4.246542567881332
-0.4102844635621209,-1.4196309424068092,-0.15647401767008845,4.3799380701895005
-0.4118492037388218,-1.3758315617049142,-0.2356302765853478,4.519270519669313
-0.41420550650467525,-1.330638856508221,-0.3218355402210351,4.665126880383877
-0.4174238619068856,-1.2839875877043823,-0.4152428790853186,4.8180860322804415
-0.4215762906977388,-1.2358067273815778,-0.5159164834215015,4.978673919440997
-0.4267354555319538,-1.1860199881871678,-0.6237719032282771,5.147291490653085
-0.43297317456423656,-1.1345470732806369,-0.7384861109202386,5.3241026804600695
-0.44035803567343895,-1.0813060464760362,-0.8593653493718048,5.508865658177299
-0.448951689167157,-1.0262173898942633,-0.9851569644867928,5.700687646713135
-0.45880325881202494,-0.9692105134271319,-1.1137934603042965,5.897685561610199
-0.4699411934150679,-0.9102336578110299,-1.2420687022266546,6.096549466649106
-0.48236188043733447,-0.8492681631445389,-1.3652774789690143,6.292047039784476
-0.4960146552270246,-0.7863476927466941,-1.4769126557379701,6.4765918181551285
-0.5107837817844043,-0.7215817745651428,-1.5686116880138987,6.640130480424645
-0.5264698986645433,-0.6551804697608964,-1.6306405040397807,6.770736903589727
-0.5427763037049411,-0.5874731007249991,-1.6531863305532466,6.856281754615863
-0.5593081670104736,-0.5189102831788405,-1.6284382925284093,6.887152462702685
-0.5755925499357577,-0.45003875855181363,-1.5528425678869051,6.859198572762919
-0.5911209756146267,-0.38144677282418443,-1.4284213163420172,6.775410693365208
-0.6054051887780469,-0.31369266589053235,-1.2622933813123536,6.645193338924804
-0.6180281225911705,-0.2472407325012843,-1.0645948123955025,6.48153555785522
-0.6286740707151255,-0.1824253769227321,-0.8459437627309637,6.29764476134423
-0.6371335083424351,-0.11944892930928981,-0.6155738726328184,6.104542754865799
-0.6432892470687632,-0.058403501760631825,-0.3805303887364887,5.910112523907853
-0.6470945509561281,0.0006976234784467072,-0.14568873814392436,5.7192340478752355
-0.6485514383375673,0.057889963957199066,0.08582888054965679,5.534421215100421
-0.6476931495320708,0.11323417610820327,0.3121545029961073,5.356536938340605
-0.6445716045021097,0.16679954549160933,0.5322452313976126,5.185391435032722
-0.6392491521881336,0.21865345984193654,0.7455656764928241,5.0201775721655135
-0.6317934954232054,0.2688552355635917,0.951872841271779,4.859763036353378
-0.6222747670104876,0.31745286592712546,1.1510791938430243,4.702876455280731
-0.6107639750720573,0.36448163047993276,1.3431702363697433,4.5482216401772275
-0.5973322727083599,0.40996384688170506,1.5281581470234276,4.394545616581054
-0.5820506912381256,0.4539093030475156,1.7060585330014628,4.240677936851859
-0.5649901059081109,0.4963160824160342,1.8768816268266617,4.085552535641497
-0.5462212896398443,0.5371716077724492,2.040632275173579,3.9282190948053124
-0.5258149668881085,0.5764537987205023,2.197315071345185,3.767848082301975
-0.5038418161746566,0.614132279543522,2.3469422708388237,3.6037318641482106
-0.48037239346626837,0.6501695981850041,2.489542947017637,3.4352832069994896
-0.455476963996092,0.684522430254999,2.6251723627135513,3.2620318474456296
-0.4292252403689565,0.7171427487294554,2.7539208678631004,3.0836194423594936
-0.40168603169032546,0.7479789431530504,2.875921855933421,2.899793029861835
-0.37292681313099124,0.7769768734516687,2.991358467933824,2.7103970572832194
-0.343013228451653,0.8040808440245009,3.1004688488512078,2.515364029159011
-0.31200853996314093,0.8292344843160909,3.2035498520197994,2.314703867902676
-0.27997304144294294,0.8523815229951177,3.300959158996832,2.10849214508765
-0.2469634498529746,0.8734664444459942,3.3931158374694563,1.8968574216123169
-0.21303229147828004,0.8924350186621174,3.4804993953802614,1.6799680250700806
-0.1782272975244774,0.9092346989128182,3.563647400766119,1.458018691952455
-0.14259082351681623,0.9238148858323427,3.6431517159984534,1.2312176157784265
-0.1061593063568317,0.936127061990127,3.7196533313206084,0.9997745812184575
-0.06896277304362561,0.9461248078023116,3.793835660757802,0.7638910483355762
-0.031024416436047586,0.9537637182856673,3.8664159626553656,0.5237533104625688
0.007639743190506074,0.959001251390293,3.9381342379274726,0.2795302280736617
0.0470210855697808,0.9617965536710297,4.00973850098334,0.031377600623931134
0.0871184705796142,0.962110329677269,4.081964657214898,-0.22054794052540633
0.12793811715176318,0.9599048502720149,4.155508290695254,-0.4760614551083564
0.1694932000587157,0.9551442357209313,4.230984399531474,-0.7349029353008294
0.21180304405403044,0.947795206367923,4.308869483223578,-0.9966634367385101
0.2548917388862662,0.9378285720005379,4.389418482730541,-1.260673785595748
0.2987859237135716,0.9252218341445805,4.472547323460938,-1.52584331942882
0.343511396948181,0.9099634009502923,4.557671355946872,-1.7904357743009185
0.38908811050764974,0.8920590432072831,4.6434933451036935,-2.051774533047386
0.4355230439586867,0.8715412978768092,4.72774654796877,-2.3058866534381126
0.4828005094383744,0.8484824313424281,4.806926042941772,-2.5471344955956323
0.5308697698677921,0.8230110863864717,4.876091955183419,-2.7679552294430954
0.5796306894196263,0.7953315340920407,4.928898731453557,-2.958927640073379
0.6289196767341618,0.7657422576913069,4.95806168587013,-3.1094646281078195
0.6785002935928631,0.7346476114102287,4.956431985214317,-3.2093699445224435
0.7280646134450063,0.7025539119650043,4.918610628537882,-3.251153166188719
0.7772507197303851,0.670042380303117,4.842606763061895,-3.2323921364363777
0.825676787361004,0.6377184589387532,4.730731359670171,-3.156987905251057
0.8729841009577057,0.6061485798862427,4.58913925917643,-3.034477260896304
0.9188754935494701,0.5758038072772796,4.4261943447886365,-2.877655553103077
0.9631374369973564,0.5470272517462489,4.250498790741357,-2.699713723780808
1.00564242490477,0.5200301145084408,4.069422715161929,-2.512089198274277
1.0463366520563893,0.4949092225256981,3.8884533442449145,-2.323493590887495
1.0852211854988385,0.47167428661682315,3.71120406018044,-2.1398948074068413
1.122333226100643,0.45027533854275476,3.5397607466152827,-1.9649942419557072
1.1577308335667957,0.43062539612319767,3.375109218829943,-1.8008310247102588
1.1914819257550953,0.4126170858760951,3.2175113584750985,-1.64832068775659
1.2236570393398463,0.3961338789985292,3.0667887123831363,-1.5076659963954457
1.2543249264636775,0.38105721903457473,2.922517778707025,-1.3786435334478637
1.2835501042507478,0.3672707837000961,2.7841564237318956,-1.2607923008112243
1.3113916684880667,0.35466286069198383,2.6511217532085087,-1.153532569034268
1.3379028860201518,0.34312753500164117,2.5228357545473483,-1.056237935232073
1.3631312435656253,0.33256515564932043,2.398750384873845,-0.9682771774012235
1.3871187474143638,0.3228823838753082,2.2783599532524907,-0.8890371564487163
1.4099023469468888,0.313992012310821,2.161205876721995,-0.8179341165523011
1.4315144057141087,0.30581267114529803,2.0468770153951135,-0.7544180706582582
1.45198317586806,0.29826849043871545,1.935007570334445,-0.6979732068992962
1.4713332515714044,0.2912887583697225,1.8252737503744578,-0.6481161267661687
1.489585989075149,0.2848075971020608,1.7173899269055284,-0.6043930136520882
1.5067598883442044,0.27876366696553995,1.6111046940592206,-0.5663763841473773
1.5228709352847967,0.2730999031240662,1.5061970670545544,-0.5336617973320115
1.5379329059553422,0.26776328515074604,1.4024729397053164,-0.5058647268380182
1.5519576353523954,0.26270463788236587,1.2997618554732875,-0.48261769688694617
1.5649552539071283,0.2578784609134964,1.1979141075864548,-0.4635677217433443
1.5769343949829928,0.25324278369606296,1.0967981617911295,-0.44837405226579696
1.5879023766009042,0.248759043173405,0.9962983835544333,-0.4367062135615798
1.5978653604364486,0.2443919810377892,0.8963130458312019,-0.428242307935322
1.6068284908947605,0.24010955795843597,0.7967525913101934,-0.42266755346456
1.6147960168078626,0.23588288242379038,0.6975381228067478,-0.41967302819317587
1.62177139803593,0.23168615214185861,0.5986000962378538,-0.4189545915818652
1.6277573989983085,0.22749660622603995,0.49987719184728635,-0.42021195754406043
1.6327561709167813,0.22329448665059934,0.401315340723744,-0.4231478965397654
1.6367693243240187,0.21906300768520168,0.3028668849972857,-0.4274675474397821
1.6397979931739914,0.21478833221080385,0.2044898513184264,-0.43287782299246386
1.6418428916871757,0.2104595539808792,0.10614731828050895,-0.4390868955964682
1.6429043648699808,0.20606868502491452,0.007806859329263394,-0.4458037526322035
1.6429824334632734,0.20161064749859248,-0.0905599565801789,-0.4527378127903332
1.6420768338974716,0.19708326937068915,-0.18897802375475092,-0.4595985966348435
1.6401870536599241,0.1924872834043407,-0.2874691347100312,-0.46609544603748443
1.6373123623128238,0.18782632894396586,-0.3860524077246922,-0.47193728811063107
1.633451838235577,0.18310695606285957,-0.4847447232185632,-0.4768324398382349
1.6286043910033914,0.17833863166447722,-0.5835611850328757,-0.4804884497496855
1.6227687791530627,0.17353374716698036,-0.682515622619,-0.48261197268693384
1.6159436229268727,0.16870762744011103,-0.7816211501224879,-0.48290867296648965
1.6081274114256479,0.16387854071044614,-0.8808907983737352,-0.4810831500181029
1.5993185034419104,0.1590677092102651,-0.9803382358604656,-0.4768388788730596
1.5895151210833058,0.15429932042153452,-1.0799785948609268,-0.4698781556592615
1.5787153351346965,0.1496005388649419,-1.1798294190665637,-0.459902035522046
1.566917040944031,0.14500151850972143,-1.2799117492321788,-0.44661024711840874
1.554117923451709,0.14053541603853734,-1.3802513636807099,-0.42970106402589686
1.540315409814902,0.13623840539827836,-1.4808801908863862,-0.40887110907751084
1.525506607906038,0.13214969430750326,-1.5818379118973038,-0.38381506281265493
1.509688228787065,0.1283115436793767,-1.6831737710711403,-0.3542252419844603
1.4928564910763535,0.1247692912595321,-1.7849486145142015,-0.319791008494641
1.4750070049312116,0.12157138117458569,-1.8872371767421443,-0.28019796341684755
1.45613463316379,0.11876940154041721,-1.9901306373833851,-0.2351268752028229
1.4362333267899563,0.11641813278838897,-2.0937394711006103,-0.18425228619147363
1.4152959320789502,0.11457560992647424,-2.198196615037075,-0.12724073786572282
1.3933139659285794,0.113303202547817,-2.303660978468142,-0.06374855403937293
1.370277356143898,0.11266571700742328,-2.4103213179877296,0.006580875931799859
1.3461741429640206,0.11273152576674128,-2.5184004968061138,0.08412036193454973
1.3209901379959594,0.11357272938608678,-2.6281601357433764,0.1692627525736247
1.2947085366385256,0.11526535691182303,-2.739905641555793,0.2624253361268903
1.2673094802229676,0.11788961027309193,-2.8539915575733263,0.364054719820613
1.2387695646472343,0.12153015747129806,-2.9708271095835745,0.47463198586278765
1.2090612935513985,0.12627647732992595,-3.0908816958733776,0.5946777262115873
1.1781524765926648,0.13222325459204182,-3.2146898609947683,0.7247562359817726
1.146005577982717,0.13947081695185953,-3.3428549444692686,0.8654776215471344
1.1125770285380243,0.14812559316733087,-3.4760500224894315,1.0174957326236709
1.07781652831313,0.1583005504935676,-3.61501382736664,1.181498467538353
1.0416663900394636,0.17011553516895112,-3.76053782714754,1.3581848349313417
1.0040610117679882,0.18369738351826453,-3.913438266617247,1.5482197513564322
0.9649266291018157,0.19917958103182887,-4.074503284091781,1.7521523219260382
0.9241815962608979,0.21670110425108924,-4.244399726675952,1.9702756088197952
0.8817375989941384,0.2364038603392872,-4.423516653098586,2.202395208900728
0.8375024324631526,0.2584278124282945,-4.611713297396079,2.4474612070575525
0.7913852994891918,0.28290242449887004,-4.807931786078144,2.703008066128215
0.7433059816284103,0.3099325051601522,-5.009639187699331,2.9643541316217052
0.693209589751417,0.33957604647636924,-5.212102742603864,3.223569723134779
0.6410885623253784,0.371811743707717,-5.407617534979727,3.4683885990970107
0.5870123869755811,0.40649562969868713,-5.585040173879267,3.6815720801764025
0.5311619852367885,0.4433113505004512,-5.730297875701025,3.8416841368352794
0.47385900647977824,0.48172819186880395,-5.828654465471366,3.9263929099631785
0.4155724618250646,0.5209921209684357,-5.868846752553961,3.918459718470771
0.35688399429952494,0.5601767181531434,-5.847535866491268,3.812195901908913
0.2984086356346123,0.5982986771722325,-5.771186127112611,3.6162589349408485
0.2406967743634862,0.634461266521641,-5.653700491921995,3.3503704921729534
0.18415976944426624,0.6679649714433705,-5.5114008547483415,3.038175953105724
0.12904576089678282,0.6983467309744278,-5.358591251655451,2.700849852019368
0.07545984838022832,0.7253552294946215,-5.205504524283814,2.3540510298587813
0.023404803137390177,0.7488957397932093,-5.0583058966267895,2.0078131317045598
-0.027178255828877722,0.768973871110255,-4.920035833764907,1.6678067614750212
-0.0763786141665268,0.7856519387250052,-4.79166748780512,1.33680105202924
-0.12429528904457801,0.7990199492452975,-4.672939670787765,1.0158316050745495
-0.17102468575245566,0.809178265296043,-4.562917165110552,0.7049946108837903
-0.2166538574035612,0.8162282114048809,-4.460335361196077,0.4039397034363864
-0.26125721101552196,0.8202676084392447,-4.36380008214337,0.11215717350486615
-0.30489521183695567,0.8213891801742934,-4.271898189626144,-0.17086415966931684
-0.3476141937332171,0.8196805385776003,-4.18325614277052,-0.44555685258941313
-0.3894467551609223,0.8152249700517061,-4.096569486904793,-0.7122402951483244
-0.43041245002997025,0.8081025671002229,-4.010616832268856,-0.9711124034418763
-0.4705186183526588,0.7983914430658041,-3.924266052695073,-1.222256219950361
-0.5097612788796095,0.7861688808663005,-3.836476949906639,-1.4656548421552344
-0.548126048378676,0.7715123324447482,-3.746302585748922,-1.701210850109437
-0.5855890742361651,0.7545002239436538,-3.652890300704916,-1.9287679637732604
-0.6221179772432143,0.7352125443059212,-3.555482759851715,-2.1481335307637073
-0.6576728048417314,0.7137312089982841,-3.453418989633557,-2.3591009230492426
-0.692206994738067,0.6901401997677917,-3.3461351703020457,-2.5614711833035906
-0.7256683464410875,0.6645254879347559,-3.2331648601965135,-2.755073411288774
-0.7579999950430526,0.6369747538218681,-3.11413830869939,-2.9397834774750584
-0.7891413781300465,0.6075769190471175,-2.9887805403433063,-3.115540728809747
-0.8190291835334795,0.57642151175902,-2.856907947650977,-3.28236242802422
-0.8475982630099893,0.5435978874787778,-2.7184232040799863,-3.4403557513018237
-0.8747824950507892,0.5091943299657595,-2.573308392665772,-3.589727261622087
-0.9005155789774469,0.47329705734953864,-2.421616333752597,-3.730789874925438
-0.9247317423149729,0.43598915860028425,-2.2634601806698007,-3.863967439285676
-0.9473663441216709,0.3973494842074275,-2.0990014303635016,-3.9897971479410512
-0.9683563584253059,0.357451512728017,-1.9284365630192997,-4.108930098830421
-0.9876407240554989,0.3163622117397128,-1.7519825784430025,-4.222130389102318
-1.005160549839929,0.2741409078486896,-1.56986173756139,-4.330273185115468
-1.020859167215543,0.23083817599753492,-1.3822858482645601,-4.4343422276717
-1.0346820256981886,0.18649475372081792,-1.189440463864705,-4.535427206956828
-1.0465764303368357,0.14114048165124965,-0.9914694040561484,-4.6347213550977715
-1.0564911243773971,0.09479326810027194,-0.7884600862183533,-4.733519429944548
-1.0643757252395807,0.047458073800826464,-0.5804303072917936,-4.833215958140934
-1.0701800283124987,-0.0008740857805828728,-0.36731740363468635,-4.935303096001152
-1.0738532023488456,-0.050227116740594394,-0.14897123378021154,-5.0413666317965555
-1.0753429146866478,-0.10064078305855995,0.0748466722141336,-5.153077292896725
-1.0745944479645064,-0.15217155598752719,0.30445393712965474,-5.272172313676355
-1.0715499085932099,-0.20489327912429073,0.540221782429686,-5.400418663796874
-1.066147690768913,-0.25889746576225947,0.782522757315609,-5.539543696715438
-1.0583224631957568,-0.31429290272941385,1.0316352762004541,-5.6911103008928015
-1.0480061104337524,-0.3712040057383419,1.2875796170335019,-5.856301023695222
-1.0351303142634174,-0.4297670159752941,1.5498486758752104,-6.03555928990849
-1.0196318275046652,-0.490122608874379,1.816986141460946,-6.2280199706039285
-1.0014619660900557,-0.5524028085804182,2.085965878776073,-6.430661176607349
-0.9806023073022949,-0.6167094203464918,2.3513667949555144,-6.637162328036381
-0.9570886393527398,-0.6830810436268556,2.604469971713964,-6.836633650782972
-0.9310439396356002,-0.7514473801346854,2.832690959062358,-7.012776297436282
-0.9027170300449766,-0.8215751431090482,3.020166480421952,-7.144597578683287
-0.8725153652407571,-0.8930211188958811,3.1504780328300765,-7.210042807243717
-0.8410105849124564,-0.9651215469683183,3.211636707933917,-7.192736536027537
-0.8088942178331172,-1.0370489123285938,3.201282030468992,-7.089042995294928
-0.7768813975284273,-1.1079393422815431,3.1284523064618512,-6.910466250459512
-0.7455968744638088,-1.1770440047861381,3.010176391907279,-6.679022148276438
-0.715495110544736,-1.2438342262689026,2.865347022827821,-6.418979240253638
-0.6868416403164578,-1.308024018671439,2.709875323484766,-6.150416253143263
-0.6597428870816101,-1.3695281812028715,2.5548498283910432,-5.88687984372077
-0.6341943887976996,-1.428396979640079,2.4069171348198997,-5.636016648540278
-0.6101252174495007,-1.4847571461254818,2.269494021794702,-5.401272534586266
-0.5874302772315536,-1.5387698714713445,2.143951916690812,-5.1835068936821935
-0.5659907580646455,-1.5906049404081664,2.0304880408509156,-4.982156206809457
-0.5456858776561363,-1.640426502476261,1.9286847544791341,-4.7959653177968455
-0.5263990301113449,-1.6883861556542294,1.8378410825272946,-4.623409312863314
-0.508020619286072,-1.7346202487828626,1.7571581827597034,-4.46292071242259
-0.49044903745847496,-1.7792494559070884,1.6858374460443042,-4.31300260574681
-0.47359066299803193,-1.8223794819645565,1.6231285307820404,-4.172278113913974
-0.4573593776902115,-1.864102263103696,1.5683496368623584,-4.039505800655052
-0.4416758813215879,-1.9044973211102465,1.5208929035750822,-3.913577814043772
-0.4264669522858371,-1.9436330992506843,1.4802222051035472,-3.793510013837096
-0.4116647302348016,-1.9815681993890553,1.4458673691657404,-3.678429053413787
-0.39720605654314417,-2.0183524899231933,1.4174169948997994,-3.5675589921817297
-0.38303188659414616,-2.0540280798450103,1.3945110050762963,-3.460208699861114
-0.3690867765433832,-2.0886301668436213,1.376833488255587,-3.3557606056120637
-0.3553184416608273,-2.122187772899742,1.3641060687114954,-3.2536609736020035
-0.34167738097371236,-2.154724382635762,1.356081871767966,-3.1534117007801417
-0.3281165622560327,-2.1862584996435634,1.3525400648877572,-3.0545635474491095
-0.3145911616071551,-2.2168041351180547,1.3532809137579764,-2.9567106792981708
-0.30105835246957535,-2.2463712419110364,1.3581212770705104,-2.8594863945095996
-0.28747713969887023,-2.2749661058561323,1.3668904621293982,-2.7625599167469197
-0.27380823507757623,-2.3025917050236013,1.3794263694466449,-2.6656341462163784
-0.2600139713831098,-2.3292480464857652,1.3955718646741195,-2.5684442721447835
-0.24605825273636858,-2.354932489207213,1.4151713287850707,-2.4707571585465495
-0.23190653944851788,-2.3796400607926786,1.4380673515017977,-2.372371419802551
-0.2175258659334999,-2.403363774990704,1.4640975481725724,-2.273118102744176
-0.20288489045177419,-2.426094956018146,1.4930914964313782,-2.1728618874561993
-0.1879539754874604,-2.4478235748927077,1.52486780584338,-2.0715027100476093
-0.1727052974290266,-2.468538601993184,1.5592313510530806,-1.9689776976859426
-0.1571129839184958,-2.4882283789700432,1.5959707162203969,-1.865263290108059
-0.14115327675629183,-2.506881011871124,1.6348559150089297,-1.7603774038800897
-0.12480471760620253,-2.524484785909925,1.6756364650602669,-1.6543814775973054
-0.10804835295559986,-2.5410286006858978,1.7180399074682136,-1.5473822201436573
-0.09086795388091773,-2.5565024228873345,1.7617708687844198,-1.4395328725889347
-0.07325024519307353,-2.570897751613224,1.8065107639998963,-1.3310337900175275
-0.05518513755307457,-2.584208089513399,1.851918232325761,-1.2221321552475273
-0.03666595522981696,-2.5964294110658743,1.8976303823530234,-1.113120654330972
-0.017689651406286724,-2.607560617609184,1.9432648988109635,-1.0043349754789586
0.0017429975818229124,-2.6176039673639737,1.9884230300042371,-0.8961500390178753
0.021627227881865285,-2.6265654677541526,2.032693434433705,-0.7889749250448355
0.04195416222620234,-2.634455217004601,2.0756568195034872,-0.6832465348148739
0.0627107304212372,-2.6412876823527496,2.116891257960912,-0.5794220971115537
0.08387964300084633,-2.647081903323865,2.1559780228703445,-0.4779707061308244
